content,date,rating,author
"The restaurant has really improved! The lighting is much better now and the music creates such a lovely atmosphere. We had a wonderful evening.",2026-02-11,5,Michael T
"Noticed they've made some changes to the decor - looks much more modern and inviting. Great ambiance for our anniversary dinner.",2026-02-11,5,Lisa R
"Love the new vibe here! The seating is more comfortable and the noise level is perfect for conversation. Big improvement!",2026-02-11,4,James K
"The atmosphere was fantastic tonight. Soft lighting, great music selection, and the temperature was just right. Will be back!",2026-02-11,5,Sarah M
"Such a cozy place now! They've clearly put effort into improving the ambiance. The candles on the tables are a nice touch.",2026-02-11,5,David P
"Great improvements to the space. The acoustic panels seem to have helped - we could actually hear each other talk!",2026-02-11,4,Emma W
"The restaurant feels completely different now - in a good way! Much more upscale ambiance without being pretentious.",2026-02-12,5,Chris B
"Impressed with the atmosphere changes. The outdoor seating area is now beautifully lit with string lights.",2026-02-12,4,Nina L
"Finally fixed the air conditioning! The temperature was perfect and the whole space felt fresh and welcoming.",2026-02-12,5,Tom H
"The new background music playlist is perfect - not too loud, great selection. Really enhances the dining experience.",2026-02-12,4,Rachel G
"Brought my parents here and they loved the elegant ambiance. The subtle changes have made a big difference.",2026-02-12,5,Kevin D
"Beautiful transformation of the space. The new artwork and plants really warm up the room.",2026-02-12,4,Amy S
